<i>
  <i image="walk_0.png" delay="150" x="-52" y="-107"/>
  <i image="walk_1.png" delay="150" x="-52" y="-107"/>
  <i image="walk_2.png" delay="150" x="-52" y="-107"/>
  <i image="walk_3.png" delay="150" x="-52" y="-107"/>
  <i image="walk_4.png" delay="150" x="-52" y="-107"/>
  <i image="walk_5.png" delay="150" x="-52" y="-107"/>
  <i image="stand_0.png" delay="120" x="-52" y="-119"/>
  <i image="stand_1.png" delay="120" x="-52" y="-119"/>
  <i image="stand_2.png" delay="120" x="-52" y="-119"/>
  <i image="stand_3.png" delay="120" x="-52" y="-119"/>
  <i image="stand_4.png" delay="120" x="-52" y="-119"/>
  <i image="stand_5.png" delay="120" x="-52" y="-119"/>
  <i image="stand_6.png" delay="120" x="-52" y="-119"/>
  <i image="stand_7.png" delay="120" x="-52" y="-119"/>
  <i image="stand_8.png" delay="120" x="-52" y="-119"/>
  <i image="stand_9.png" delay="120" x="-52" y="-119"/>
  <i image="stand_10.png" delay="120" x="-52" y="-119"/>
  <i image="stand_11.png" delay="120" x="-52" y="-119"/>
  <i image="stand_12.png" delay="120" x="-52" y="-119"/>
  <i image="stand_13.png" delay="120" x="-52" y="-119"/>
  <i image="stand_14.png" delay="120" x="-52" y="-119"/>
  <i image="stand_15.png" delay="120" x="-52" y="-119"/>
  <i image="stand_16.png" delay="120" x="-52" y="-119"/>
  <i image="stand_17.png" delay="120" x="-52" y="-119"/>
  <i image="stand_18.png" delay="120" x="-52" y="-119"/>
  <i image="stand_19.png" delay="120" x="-52" y="-119"/>
  <i image="stand_20.png" delay="120" x="-52" y="-119"/>
  <i image="stand_21.png" delay="120" x="-52" y="-119"/>
  <i image="stand_22.png" delay="120" x="-52" y="-119"/>
  <i image="stand_23.png" delay="120" x="-52" y="-119"/>
  <i image="stand_24.png" delay="120" x="-52" y="-119"/>
  <i image="stand_25.png" delay="120" x="-52" y="-119"/>
  <i image="stand_26.png" delay="120" x="-52" y="-119"/>
  <i image="stand_27.png" delay="120" x="-52" y="-119"/>
  <i image="stand_28.png" delay="120" x="-52" y="-119"/>
  <i image="stand_29.png" delay="120" x="-52" y="-119"/>
  <i image="alert_0.png" delay="150" x="-40" y="-110"/>
  <i image="alert_1.png" delay="150" x="-40" y="-110"/>
  <i image="alert_2.png" delay="150" x="-40" y="-110"/>
  <i image="alert_3.png" delay="150" x="-40" y="-110"/>
  <i image="alert_4.png" delay="150" x="-40" y="-110"/>
  <i image="alert_5.png" delay="150" x="-40" y="-110"/>
  <i image="alert_6.png" delay="150" x="-40" y="-110"/>
  <i image="alert_7.png" delay="150" x="-40" y="-110"/>
  <i image="alert_8.png" delay="150" x="-40" y="-110"/>
  <i image="alert_9.png" delay="150" x="-40" y="-110"/>
  <i image="alert_10.png" delay="150" x="-40" y="-110"/>
  <i image="stabO1_0.png" delay="350" x="-57" y="-105"/>
  <i image="stabO1_1.png" delay="450" x="-57" y="-105"/>
  <i image="stabO2_0.png" delay="450" x="-57" y="-105"/>
  <i image="stabO2_1.png" delay="350" x="-57" y="-105"/>
  <i image="proneStab_0.png" delay="300" x="-54" y="-82"/>
  <i image="proneStab_1.png" delay="400" x="-54" y="-82"/>
  <i image="prone_0.png" delay="180" x="-54" y="-85"/>
  <i image="prone_1.png" delay="180" x="-54" y="-85"/>
  <i image="prone_2.png" delay="180" x="-54" y="-85"/>
  <i image="prone_3.png" delay="180" x="-54" y="-85"/>
  <i image="prone_4.png" delay="180" x="-54" y="-85"/>
  <i image="prone_5.png" delay="300" x="-54" y="-85"/>
  <i image="fly_0.png" delay="120" x="-39" y="-120"/>
  <i image="fly_1.png" delay="120" x="-39" y="-120"/>
  <i image="fly_2.png" delay="120" x="-39" y="-120"/>
  <i image="fly_3.png" delay="120" x="-39" y="-120"/>
  <i image="fly_4.png" delay="120" x="-39" y="-120"/>
  <i image="fly_5.png" delay="120" x="-39" y="-120"/>
  <i image="jump_0.png" delay="90" x="-46" y="-108"/>
  <i image="jump_1.png" delay="90" x="-46" y="-108"/>
  <i image="jump_2.png" delay="90" x="-46" y="-108"/>
  <i image="jump_3.png" delay="90" x="-46" y="-108"/>
  <i image="jump_4.png" delay="600000" x="-46" y="-108"/>
  <i image="sit_0.png" delay="120" x="-36" y="-108"/>
  <i image="sit_1.png" delay="120" x="-36" y="-108"/>
  <i image="sit_2.png" delay="120" x="-36" y="-108"/>
  <i image="sit_3.png" delay="120" x="-36" y="-108"/>
  <i image="sit_4.png" delay="120" x="-36" y="-108"/>
  <i image="sit_5.png" delay="120" x="-36" y="-108"/>
  <i image="ladder_0.png" delay="120" x="-44" y="-107"/>
  <i image="ladder_1.png" delay="120" x="-44" y="-107"/>
  <i image="ladder_2.png" delay="120" x="-44" y="-107"/>
  <i image="ladder_3.png" delay="120" x="-44" y="-107"/>
  <i image="ladder_4.png" delay="120" x="-44" y="-107"/>
  <i image="ladder_5.png" delay="120" x="-44" y="-107"/>
  <i image="rope_0.png" delay="120" x="-45" y="-104"/>
  <i image="rope_1.png" delay="120" x="-45" y="-104"/>
  <i image="rope_2.png" delay="120" x="-45" y="-104"/>
  <i image="rope_3.png" delay="120" x="-45" y="-104"/>
  <i image="rope_4.png" delay="120" x="-45" y="-104"/>
  <i image="rope_5.png" delay="120" x="-45" y="-104"/>
  <i image="shockwave_0.png" delay="60" x="-127" y="-191"/>
  <i image="shockwave_1.png" delay="60" x="-127" y="-191"/>
  <i image="shockwave_2.png" delay="60" x="-127" y="-191"/>
  <i image="shockwave_3.png" delay="60" x="-127" y="-191"/>
  <i image="shockwave_4.png" delay="60" x="-127" y="-191"/>
  <i image="shockwave_5.png" delay="60" x="-127" y="-191"/>
  <i image="shockwave_6.png" delay="60" x="-127" y="-191"/>
  <i image="shockwave_7.png" delay="90" x="-127" y="-191"/>
  <i image="shockwave_8.png" delay="90" x="-127" y="-191"/>
  <i image="shockwave_9.png" delay="90" x="-127" y="-191"/>
  <i image="shockwave_10.png" delay="90" x="-127" y="-191"/>
  <i image="shockwave_11.png" delay="90" x="-127" y="-191"/>
  <i image="shockwave_12.png" delay="90" x="-127" y="-191"/>
  <i image="shockwave_13.png" delay="90" x="-127" y="-191"/>
  <i image="shockwave_14.png" delay="90" x="-127" y="-191"/>
  <i image="shockwave_15.png" delay="90" x="-127" y="-191"/>
  <i image="demolition_0.png" delay="150" x="-245" y="-110"/>
  <i image="demolition_1.png" delay="150" x="-245" y="-110"/>
  <i image="demolition_2.png" delay="150" x="-245" y="-110"/>
  <i image="demolition_3.png" delay="1620" x="-245" y="-110"/>
  <i image="demolition_4.png" delay="150" x="-245" y="-110"/>
  <i image="demolition_5.png" delay="150" x="-245" y="-110"/>
  <i image="demolition_6.png" delay="150" x="-245" y="-110"/>
  <i image="demolition_7.png" delay="150" x="-245" y="-110"/>
  <i image="demolition_8.png" delay="150" x="-245" y="-110"/>
  <i image="demolition_9.png" delay="150" x="-245" y="-110"/>
  <i image="demolition_10.png" delay="150" x="-245" y="-110"/>
  <i image="snatch_0.png" delay="90" x="-57" y="-113"/>
  <i image="snatch_1.png" delay="90" x="-57" y="-113"/>
  <i image="snatch_2.png" delay="90" x="-57" y="-113"/>
  <i image="snatch_3.png" delay="90" x="-57" y="-113"/>
  <i image="snatch_4.png" delay="90" x="-57" y="-113"/>
  <i image="snatch_5.png" delay="90" x="-57" y="-113"/>
  <i image="snatch_6.png" delay="90" x="-57" y="-113"/>
  <i image="snatch_7.png" delay="90" x="-57" y="-113"/>
  <i image="snatch_8.png" delay="90" x="-57" y="-113"/>
  <i image="snatch_9.png" delay="90" x="-57" y="-113"/>
  <i image="snatch_10.png" delay="90" x="-57" y="-113"/>
  <i image="alert2_0.png" delay="100" x="-40" y="-110"/>
  <i image="alert2_1.png" delay="100" x="-40" y="-110"/>
  <i image="alert2_2.png" delay="100" x="-40" y="-110"/>
  <i image="alert2_3.png" delay="100" x="-40" y="-110"/>
  <i image="alert2_4.png" delay="100" x="-40" y="-110"/>
  <i image="alert2_5.png" delay="100" x="-40" y="-110"/>
  <i image="alert3_0.png" delay="250" x="-40" y="-110"/>
  <i image="alert3_1.png" delay="250" x="-40" y="-110"/>
  <i image="alert3_2.png" delay="250" x="-40" y="-110"/>
  <i image="alert3_3.png" delay="250" x="-40" y="-110"/>
  <i image="alert3_4.png" delay="250" x="-40" y="-110"/>
  <i image="alert3_5.png" delay="250" x="-40" y="-110"/>
  <i image="alert4_0.png" delay="150" x="-40" y="-110"/>
  <i image="alert4_1.png" delay="150" x="-40" y="-110"/>
  <i image="alert4_2.png" delay="150" x="-40" y="-110"/>
  <i image="alert4_3.png" delay="150" x="-40" y="-110"/>
  <i image="alert4_4.png" delay="150" x="-40" y="-110"/>
  <i image="alert4_5.png" delay="150" x="-40" y="-110"/>
  <i image="timeleap_0.png" delay="240" x="-40" y="-110"/>
  <i image="timeleap_1.png" delay="240" x="-40" y="-110"/>
  <i image="timeleap_2.png" delay="240" x="-40" y="-110"/>
  <i image="timeleap_3.png" delay="240" x="-40" y="-110"/>
  <i image="timeleap_4.png" delay="240" x="-40" y="-110"/>
  <i image="timeleap_5.png" delay="240" x="-40" y="-110"/>
  <i image="eburster_0.png" delay="180" x="-57" y="-104"/>
  <i image="eburster_1.png" delay="540" x="-57" y="-104"/>
  <i image="edrain_0.png" delay="100" x="-40" y="-110"/>
  <i image="edrain_1.png" delay="100" x="-40" y="-110"/>
  <i image="edrain_2.png" delay="100" x="-40" y="-110"/>
  <i image="edrain_3.png" delay="100" x="-40" y="-110"/>
  <i image="edrain_4.png" delay="100" x="-40" y="-110"/>
  <i image="edrain_5.png" delay="100" x="-40" y="-110"/>
  <i image="ladder2_0.png" delay="120" x="-44" y="-107"/>
  <i image="ladder2_1.png" delay="120" x="-44" y="-107"/>
  <i image="ladder2_2.png" delay="120" x="-44" y="-107"/>
  <i image="ladder2_3.png" delay="120" x="-44" y="-107"/>
  <i image="ladder2_4.png" delay="120" x="-44" y="-107"/>
  <i image="ladder2_5.png" delay="120" x="-44" y="-107"/>
  <i image="rope2_0.png" delay="120" x="-45" y="-104"/>
  <i image="rope2_1.png" delay="120" x="-45" y="-104"/>
  <i image="rope2_2.png" delay="120" x="-45" y="-104"/>
  <i image="rope2_3.png" delay="120" x="-45" y="-104"/>
  <i image="rope2_4.png" delay="120" x="-45" y="-104"/>
  <i image="rope2_5.png" delay="120" x="-45" y="-104"/>
  <i image="somersault_0.png" delay="100" x="-65" y="-126"/>
  <i image="somersault_1.png" delay="120" x="-65" y="-126"/>
  <i image="somersault_2.png" delay="120" x="-65" y="-126"/>
  <i image="somersault_3.png" delay="120" x="-65" y="-126"/>
  <i image="somersault_4.png" delay="120" x="-65" y="-126"/>
  <i image="somersault_5.png" delay="120" x="-65" y="-126"/>
  <i image="somersault_6.png" delay="120" x="-65" y="-126"/>
  <i image="somersault_7.png" delay="120" x="-65" y="-126"/>
  <i image="somersault_8.png" delay="100" x="-65" y="-126"/>
  <i image="doublefire_0.png" delay="90" x="-41" y="-116"/>
  <i image="doublefire_1.png" delay="360" x="-41" y="-116"/>
  <i image="doublefire_2.png" delay="100" x="-41" y="-116"/>
  <i image="backspin_0.png" delay="120" x="-49" y="-117"/>
  <i image="backspin_1.png" delay="120" x="-49" y="-117"/>
  <i image="backspin_2.png" delay="120" x="-49" y="-117"/>
  <i image="backspin_3.png" delay="120" x="-49" y="-117"/>
  <i image="backspin_4.png" delay="480" x="-49" y="-117"/>
  <i image="doubleupper_0.png" delay="240" x="-53" y="-115"/>
  <i image="doubleupper_1.png" delay="90" x="-53" y="-115"/>
  <i image="doubleupper_2.png" delay="90" x="-53" y="-115"/>
  <i image="doubleupper_3.png" delay="90" x="-53" y="-115"/>
  <i image="doubleupper_4.png" delay="90" x="-53" y="-115"/>
  <i image="doubleupper_5.png" delay="180" x="-53" y="-115"/>
  <i image="doubleupper_6.png" delay="90" x="-53" y="-115"/>
  <i image="doubleupper_7.png" delay="100" x="-53" y="-115"/>
  <i image="screw_0.png" delay="600" x="-62" y="-112"/>
  <i image="screw_1.png" delay="240" x="-62" y="-112"/>
  <i image="dragonstrike_0.png" delay="90" x="-51" y="-152"/>
  <i image="dragonstrike_1.png" delay="90" x="-51" y="-152"/>
  <i image="dragonstrike_2.png" delay="90" x="-51" y="-152"/>
  <i image="dragonstrike_3.png" delay="90" x="-51" y="-152"/>
  <i image="dragonstrike_4.png" delay="90" x="-51" y="-152"/>
  <i image="dragonstrike_5.png" delay="90" x="-51" y="-152"/>
  <i image="dragonstrike_6.png" delay="90" x="-51" y="-152"/>
  <i image="dragonstrike_7.png" delay="90" x="-51" y="-152"/>
  <i image="dragonstrike_8.png" delay="90" x="-51" y="-152"/>
  <i image="dragonstrike_9.png" delay="90" x="-51" y="-152"/>
  <i image="dragonstrike_10.png" delay="90" x="-51" y="-152"/>
  <i image="dragonstrike_11.png" delay="90" x="-51" y="-152"/>
  <i image="eorb_0.png" delay="630" x="-60" y="-116"/>
  <i image="eorb_1.png" delay="90" x="-60" y="-116"/>
  <i image="eorb_2.png" delay="90" x="-60" y="-116"/>
  <i image="eorb_3.png" delay="90" x="-60" y="-116"/>
  <i image="eorb_4.png" delay="180" x="-60" y="-116"/>
  <i image="eorb_5.png" delay="90" x="-60" y="-116"/>
  <i image="eorb_6.png" delay="100" x="-60" y="-116"/>
  <i image="fist_0.png" delay="90" x="-74" y="-147"/>
  <i image="fist_1.png" delay="90" x="-74" y="-147"/>
  <i image="fist_2.png" delay="270" x="-74" y="-147"/>
  <i image="fist_3.png" delay="90" x="-74" y="-147"/>
  <i image="fist_4.png" delay="90" x="-74" y="-147"/>
  <i image="fist_5.png" delay="90" x="-74" y="-147"/>
  <i image="fist_6.png" delay="90" x="-74" y="-147"/>
  <i image="fist_7.png" delay="90" x="-74" y="-147"/>
  <i image="fist_8.png" delay="90" x="-74" y="-147"/>
  <i image="fist_9.png" delay="90" x="-74" y="-147"/>
  <i image="fist_10.png" delay="90" x="-74" y="-147"/>
  <i image="fist_11.png" delay="90" x="-74" y="-147"/>
  <i image="fist_12.png" delay="90" x="-74" y="-147"/>
  <i image="fist_13.png" delay="90" x="-74" y="-147"/>
  <i image="fist_14.png" delay="90" x="-74" y="-147"/>
  <i image="fist_15.png" delay="90" x="-74" y="-147"/>
  <i image="fist_16.png" delay="90" x="-74" y="-147"/>
  <i image="fist_17.png" delay="90" x="-74" y="-147"/>
  <i image="fist_18.png" delay="90" x="-74" y="-147"/>
  <i image="fist_19.png" delay="90" x="-74" y="-147"/>
  <i image="fist_20.png" delay="90" x="-74" y="-147"/>
  <i image="fist_21.png" delay="90" x="-74" y="-147"/>
  <i image="fist_22.png" delay="90" x="-74" y="-147"/>
  <i image="fist_23.png" delay="90" x="-74" y="-147"/>
  <i image="fist_24.png" delay="90" x="-74" y="-147"/>
  <i image="recovery_0.png" delay="30" x="-40" y="-111"/>
  <i image="straight_0.png" delay="240" x="-56" y="-110"/>
  <i image="straight_1.png" delay="360" x="-56" y="-110"/>
  <i image="wave_0.png" delay="60" x="-91" y="-109"/>
  <i image="wave_1.png" delay="420" x="-91" y="-109"/>
  <i image="wave_2.png" delay="60" x="-91" y="-109"/>
  <i image="wave_3.png" delay="450" x="-91" y="-109"/>
  <i image="wave_4.png" delay="60" x="-91" y="-109"/>
  <i image="fly2_0.png" delay="120" x="-52" y="-119"/>
  <i image="fly2_1.png" delay="120" x="-52" y="-119"/>
  <i image="fly2_2.png" delay="120" x="-52" y="-119"/>
  <i image="fly2_3.png" delay="120" x="-52" y="-119"/>
  <i image="fly2_4.png" delay="120" x="-52" y="-119"/>
  <i image="fly2_5.png" delay="120" x="-52" y="-119"/>
  <i image="fly2_6.png" delay="120" x="-52" y="-119"/>
  <i image="fly2_7.png" delay="120" x="-52" y="-119"/>
  <i image="fly2_8.png" delay="120" x="-52" y="-119"/>
  <i image="fly2_9.png" delay="120" x="-52" y="-119"/>
  <i image="fly2_10.png" delay="120" x="-52" y="-119"/>
  <i image="fly2_11.png" delay="120" x="-52" y="-119"/>
  <i image="fly2_12.png" delay="120" x="-52" y="-119"/>
  <i image="fly2_13.png" delay="120" x="-52" y="-119"/>
  <i image="fly2_14.png" delay="120" x="-52" y="-119"/>
  <i image="fly2_15.png" delay="120" x="-52" y="-119"/>
  <i image="fly2_16.png" delay="120" x="-52" y="-119"/>
  <i image="fly2_17.png" delay="120" x="-52" y="-119"/>
  <i image="fly2_18.png" delay="120" x="-52" y="-119"/>
  <i image="fly2_19.png" delay="120" x="-52" y="-119"/>
  <i image="fly2_20.png" delay="120" x="-52" y="-119"/>
  <i image="fly2_21.png" delay="120" x="-52" y="-119"/>
  <i image="fly2_22.png" delay="120" x="-52" y="-119"/>
  <i image="fly2_23.png" delay="120" x="-52" y="-119"/>
  <i image="fly2_24.png" delay="120" x="-52" y="-119"/>
  <i image="fly2_25.png" delay="120" x="-52" y="-119"/>
  <i image="fly2_26.png" delay="120" x="-52" y="-119"/>
  <i image="fly2_27.png" delay="120" x="-52" y="-119"/>
  <i image="fly2_28.png" delay="120" x="-52" y="-119"/>
  <i image="fly2_29.png" delay="120" x="-52" y="-119"/>
  <i image="fly2Move_0.png" delay="120" x="-39" y="-120"/>
  <i image="fly2Skill_0.png" delay="90" x="-54" y="-135"/>
  <i image="fly2Skill_1.png" delay="100" x="-54" y="-135"/>
</i>